"package_identity","record_id","transition_category","item","v7_3_value","v7_4_value","changed","change_type","methodology_effect","implementation_effect","rerun_required","authority_effect","evidence_basis","scientific_interpretation","limitations_or_cautions","new_value","numerical_delta","relative_delta"
"""V7_3_TO_V7_4_VERSION_TRANSITION_CANDIDATE_R2""","""D001""","""A_METHODOLOGY_OR_SPECIFICATION_AUTHORITY""","""methodology authority""","""Framework v7.3; docs/research_framework_v7_3_2026-09-23.md; SHA256 44e313e71ea2a01e213454b4d838a86ec674fcda4f95a3b194ed68a92115ef2a; CLOSED_ACCEPTED predecessor""","""Framework v7.4; docs/research_framework_v7_4_2026-09-26_r2.md; SHA256 36dd18039667ef908c80cc0be78aa8ea0a89779ab1f1cd23d9ee21541ad2f273; CLOSED_ACCEPTED current authority""","""YES""","""AUTHORITY_PROMOTION""","""Exactly three accepted claim-boundary/specification groups A/B/C supersede v7.3; all other methodology is inherited unchanged.""","""NONE""","""NO""","""Current methodology authority changes from Framework v7.3 to Framework v7.4.""","""Framework v7.4 acceptance closure sections 2, 6-8 and 15; acceptance manifest; Git commits 52be8dec and 2fe21051.""","""This is a documentation/claim-boundary successor, not a new optimization formulation.""","""The _r2 suffix is provenance identity only; the formal name is Framework v7.4.""","""Framework v7.4""","""NOT_APPLICABLE""","""NOT_APPLICABLE"""
"""V7_3_TO_V7_4_VERSION_TRANSITION_CANDIDATE_R2""","""D002""","""B_EVIDENCE_AUTHORITY""","""evidence authority""","""Registry v7.3; docs/thesis_literature_evidence_registry_v7_3_2026-09-23_r3.md; SHA256 e81efc8ac6ec76846838adc33bd8015e65108bba0ffd6c06052409fdcfd1009d; CLOSED_ACCEPTED predecessor""","""Registry v7.4; docs/thesis_literature_evidence_registry_v7_4_2026-09-26.md; SHA256 5cc5d091af3be1943531a5a44d648fad58738730581dbf0331cdc2fe86029433; CLOSED_ACCEPTED current authority""","""YES""","""AUTHORITY_PROMOTION""","""NONE; Registry aligns evidence and claim boundaries to the already accepted Framework v7.4.""","""NONE""","""NO""","""Current evidence authority changes from Registry v7.3 to Registry v7.4.""","""Registry v7.4 independent audit and acceptance closure; acceptance manifest; Git commits bf87b7f0 and 9050d0ea.""","""No fourth scientific change and no new external literature source were introduced.""","""Candidate R1 is provenance revision identity only; the formal evidence name is Registry v7.4.""","""Registry v7.4""","""NOT_APPLICABLE""","""NOT_APPLICABLE"""
"""V7_3_TO_V7_4_VERSION_TRANSITION_CANDIDATE_R2""","""D003""","""A_METHODOLOGY_OR_SPECIFICATION_AUTHORITY""","""zero-winter role""","""conservative stress/sensitivity; historical v7.3 current prescription""","""historical conservative validation / provenance evidence supporting reconstructed-PV promotion/adjudication; not a mandatory EOB, Layer A, or Layer B sensitivity; not an equal-status planning baseline""","""YES""","""SPECIFICATION_CHANGE""","""Removes the downstream mandatory sensitivity role without replacing it with another sensitivity.""","""NONE; no zero-winter solve or code change is required.""","""NO""","""Framework v7.4 section 36.1 supersedes the v7.3 current-prescriptive role additively while preserving historical truth.""","""Framework v7.3 section 35.1 and freeze section E.2 versus Framework v7.4 section 36.1; Registry v7.4 section 20.1.""","""The prior zero-availability branch remains evidence about conservatism and adjudication, not observed physical zero generation.""","""Historical v7.2 mainline and v7.3 stress/sensitivity statements remain true only when past-scoped.""","""historical conservative validation / provenance evidence""","""NOT_APPLICABLE""","""NOT_APPLICABLE"""
"""V7_3_TO_V7_4_VERSION_TRANSITION_CANDIDATE_R2""","""D004""","""A_METHODOLOGY_OR_SPECIFICATION_AUTHORITY""","""observed historical PV role""","""Historical billing calibration uses observed Load/PV and actual billing records.""","""Formal HISTORICAL EMPIRICAL / CALIBRATION layer uses observed data wherever valid for actual-history claims and billing calibration.""","""YES""","""CLAIM_BOUNDARY_FORMALIZATION""","""Formalizes the epistemic layer; it does not change the historical data used.""","""NONE""","""NO""","""Framework v7.4 section 36.2 makes the existing boundary explicit.""","""Framework v7.3 section 35.3 versus Framework v7.4 sections 4.1.1-R and 36.2; Registry v7.4 section 20.2.""","""Statements about what historically occurred remain on observed valid data.""","""Observed PV is used wherever valid; unavailable periods are not silently reclassified as observed.""","""formal historical empirical / calibration layer""","""NOT_APPLICABLE""","""NOT_APPLICABLE"""
"""V7_3_TO_V7_4_VERSION_TRANSITION_CANDIDATE_R2""","""D005""","""A_METHODOLOGY_OR_SPECIFICATION_AUTHORITY""","""reconstructed planning PV role""","""Best-estimate full-year planning baseline; model-based, weather-informed, separately validated; not observed truth or exact recovery.""","""Same best-estimate planning baseline, now formally assigned to the PLANNING / COUNTERFACTUAL MODEL layer for all planning consumers.""","""YES""","""CLAIM_BOUNDARY_FORMALIZATION""","""Formalizes epistemic routing; the planning-baseline assignment itself is unchanged.""","""NONE; accepted input bytes and consumer routing remain unchanged.""","""NO""","""Framework v7.4 sections 36.2 and 36.4 govern current wording.""","""Framework v7.3 sections 35.1-35.3 versus Framework v7.4 section 36.2; accepted planning-input identity.""","""Reconstructed PV is a planning estimate, not historical measurement truth or online forecast information.""","""No claim of exact recovery, ground truth, or deployable forecast information is authorized.""","""formal planning / counterfactual model layer""","""NOT_APPLICABLE""","""NOT_APPLICABLE"""
"""V7_3_TO_V7_4_VERSION_TRANSITION_CANDIDATE_R2""","""D006""","""A_METHODOLOGY_OR_SPECIFICATION_AUTHORITY""","""same-artifact / no-hybrid routing""","""One reconstructed full-year artifact must feed EOB, Layer A requirements/replay, and baseline Layer B; hybrid reconstructed-economics plus zero-winter adequacy is prohibited.""","""One accepted reconstructed full-year artifact must feed every planning consumer; hybrid fallback to zero-winter or any other annual PV identity is prohibited.""","""YES""","""SPECIFICATION_CLARIFICATION""","""Broadens and formalizes the prohibition from zero-winter fallback to any alternate annual planning identity.""","""NONE; accepted EOB and core-three already used the required single identity.""","""NO""","""Framework v7.4 section 36.2 is the current route specification.""","""Framework v7.3 section 35.2; Framework v7.4 section 36.2; EOB/core-three authority.json and case_schedule.json.""","""Economic and adequacy comparisons are protected from PV-identity asymmetry.""","""Alternative scenarios require separate explicit authorization and a coherent non-hybrid branch.""","""no hybrid routing with any alternate annual PV identity""","""NOT_APPLICABLE""","""NOT_APPLICABLE"""
"""V7_3_TO_V7_4_VERSION_TRANSITION_CANDIDATE_R2""","""D007""","""A_METHODOLOGY_OR_SPECIFICATION_AUTHORITY""","""kappa calibration boundary""","""Historical calibration uses observed Load/PV and billing records; reconstructed winter PV does not re-estimate kappa.""","""Formal historical-calibration versus planning-use boundary; production kappa, through-origin estimator, ten valid usage-month period, and observed-data basis remain unchanged; planning PV cannot recalibrate it.""","""YES""","""CLAIM_BOUNDARY_FORMALIZATION""","""Clarifies the epistemic separation without changing estimator, sample, target, or coefficient.""","""NONE""","""NO""","""Framework v7.4 sections 4.3.1-K and 36.3 are current authority.""","""Framework v7.3 section 35.3 versus Framework v7.4 section 36.3; scripts/08_calibrate_kappa.py; production preflight.""","""Historical billing representation and future planning-baseline construction answer different questions.""","""The coefficient is site-specific project evidence, not a Taipower or literature universal value.""","""formal historical-calibration / planning-use boundary""","""0""","""0"""
"""V7_3_TO_V7_4_VERSION_TRANSITION_CANDIDATE_R2""","""D008""","""A_METHODOLOGY_OR_SPECIFICATION_AUTHORITY""","""kappa interpretation""","""Site-specific hourly-to-billed-demand proxy; production-pinned 1.0103668594376984.""","""Same billing-demand representation proxy and value; explicitly not a 15-minute chronology reconstruction, not proof of sub-hourly BESS peaks, and does not remove hourly resolution limits.""","""YES""","""CLAIM_BOUNDARY_FORMALIZATION""","""Adds explicit non-claims; numerical and estimator semantics remain unchanged.""","""NONE""","""NO""","""Framework v7.4 section 36.3 and Registry v7.4 section 20.3 govern interpretation.""","""Framework v7.4 section 36.3; Registry v7.4 P2 and section 20.3; scripts/08_calibrate_kappa.py.""","""kappa scales billing-demand representation only.""","""Do not use kappa as physical sub-hourly adequacy validation.""","""1.0103668594376984 with explicit proxy-only interpretation""","""0""","""0"""
"""V7_3_TO_V7_4_VERSION_TRANSITION_CANDIDATE_R2""","""D009""","""D_ARTIFACT_IDENTITY""","""planning-input identity""","""data/processed/annual_input_v7_3_reconstructed_pv_mainline_candidate_r3_2026-09-23.parquet; SHA256 3ac8dda4a3f1c6983780508cc8131977dd87fda35fc0fc7aff287cc56a50c428; 554037 bytes; 8760 rows; role reconstructed_pv_mainline""","""data/processed/annual_input_v7_3_reconstructed_pv_mainline_candidate_r3_2026-09-23.parquet; SHA256 3ac8dda4a3f1c6983780508cc8131977dd87fda35fc0fc7aff287cc56a50c428; 554037 bytes; 8760 rows; role reconstructed_pv_mainline""","""NO""","""NO_CHANGE""","""NONE""","""NONE""","""NO""","""Accepted Step 2D identity remains the single planning-layer input authority.""","""Tracked parquet bytes and blob d23dfbcca8c49703d11c20d4c4303a323035c84c; Step 2D acceptance; v7.4 closure manifests.""","""No input-data change accompanies the version transition.""","""Reconstructed hours remain planning estimates rather than observations.""","""UNCHANGED""","""0 bytes; 0 rows""","""0"""
"""V7_3_TO_V7_4_VERSION_TRANSITION_CANDIDATE_R2""","""D010""","""J_FINANCIAL_OR_ACCOUNTING_BASIS""","""tariff methodology""","""Audited NTUST SCHOOL/FROZEN high-voltage case treatment; usage-period TOU billing; non-summer peak N/A; 2x/3x over-contract; May/October transition as case-validated empirical rule.""","""UNCHANGED""","""NO""","""NO_CHANGE""","""NONE""","""NONE""","""NO""","""Inherited frozen methodology.""","""Framework v7.3 sections 34 and frozen decisions; Framework v7.4 section 36.4; core SHA256 9d828321814b09141497056d1bb17da8b2839c5eb151fce8530059fb7e193da8.""","""Tariff and billing-period semantics do not contribute to the v7.4 delta.""","""Institutional and May/October treatments remain case-bounded, not universal Taipower claims.""","""UNCHANGED""","""0""","""0"""
"""V7_3_TO_V7_4_VERSION_TRANSITION_CANDIDATE_R2""","""D011""","""K_RESILIENCE_OR_CASE_UNIVERSE""","""BESS equations""","""Stationary LFP; battery-side energy state; AC/PCS-side power; SOC 0.10-0.90; eta_c=eta_d=0.90 applied once; annual cyclic model.""","""UNCHANGED""","""NO""","""NO_CHANGE""","""NONE; no equation rewrite.""","""NONE; core bytes unchanged.""","""NO""","""A1 and related frozen equations remain CLOSED.""","""Framework v7.4 sections 36.4 and 36.8; src/annual_design_model_v7_2.py SHA256 9d828321814b09141497056d1bb17da8b2839c5eb151fce8530059fb7e193da8.""","""Energy/power boundary and efficiency treatment are identical across versions.""","""Hourly temporal resolution remains a limitation.""","""UNCHANGED""","""0""","""0"""
"""V7_3_TO_V7_4_VERSION_TRANSITION_CANDIDATE_R2""","""D012""","""K_RESILIENCE_OR_CASE_UNIVERSE""","""degradation""","""PNNL-calibrated adaptation of Xu et al. intertemporal convex PWL DOD-sensitive cycle aging with persistent segment states; cycling wear in operating cost.""","""UNCHANGED""","""NO""","""NO_CHANGE""","""NONE; B1/B2 remain CLOSED.""","""NONE; model core and cost interface unchanged.""","""NO""","""Inherited frozen methodology.""","""Framework v7.3 frozen decisions; Framework v7.4 section 36.4; unchanged core blob 4724023cbf98f414afa4d2cb8e2478a482f55f36.""","""No degradation-model change can explain any future numerical difference.""","""Rainflow remains a separate ex-post diagnostic, not the sizing formulation.""","""UNCHANGED""","""0""","""0"""
"""V7_3_TO_V7_4_VERSION_TRANSITION_CANDIDATE_R2""","""D013""","""I_EVIDENCE_OR_VALIDATION_ROLE""","""rainflow""","""Ex-post validation / benchmark only; not embedded in sizing and REVIEW is never auto-promoted.""","""UNCHANGED""","""NO""","""NO_CHANGE""","""NONE""","""NONE""","""NO""","""Inherited evidence role.""","""Framework v7.4 section 36.4; scripts/19a preflight static audit contract; accepted run mandatory audits.""","""Rainflow evidence continues to validate rather than determine optimal sizing.""","""Ex-post agreement is not an independent new methodology authority.""","""UNCHANGED""","""0""","""0"""
"""V7_3_TO_V7_4_VERSION_TRANSITION_CANDIDATE_R2""","""D014""","""K_RESILIENCE_OR_CASE_UNIVERSE""","""resilience""","""Layer A constant worst-case reserve from all valid historical starts; Layer B fixed-design structured capability test; not reliability probability.""","""UNCHANGED""","""NO""","""NO_CHANGE""","""NONE""","""NONE""","""NO""","""A2 and Layer A/B boundaries remain CLOSED.""","""Framework v7.3 freeze sections F-G; Framework v7.4 sections 36.4-36.5.""","""The service-continuity metric remains deterministic and model-conditional.""","""It does not estimate outage probability or physical islanding capability.""","""UNCHANGED""","""0""","""0"""
"""V7_3_TO_V7_4_VERSION_TRANSITION_CANDIDATE_R2""","""D015""","""K_RESILIENCE_OR_CASE_UNIVERSE""","""outage replay""","""Annual optimization and outage replay are separate stages; replay starts from minimum preparedness and may draw to technical SOCmin; valid starts are non-circular; Layer A consistency replay has surplus_pv_recharge=false.""","""UNCHANGED""","""NO""","""NO_CHANGE""","""NONE""","""NONE""","""NO""","""Inherited frozen methodology and accepted execution semantics.""","""Framework v7.4 sections 36.2 and 36.4; core-three case_schedule.json records surplus_pv_recharge=false.""","""PV routing clarification does not alter replay equations or stage separation.""","""Layer B surplus-recharge semantics remain stage-specific and do not permit a different annual PV identity.""","""UNCHANGED""","""0""","""0"""
"""V7_3_TO_V7_4_VERSION_TRANSITION_CANDIDATE_R2""","""D016""","""K_RESILIENCE_OR_CASE_UNIVERSE""","""alpha grid""","""0.60,0.65,0.70,0.75,0.80,0.85,0.90,0.95,1.00""","""0.60,0.65,0.70,0.75,0.80,0.85,0.90,0.95,1.00""","""NO""","""NO_CHANGE""","""NONE""","""NONE""","""NO""","""Inherited 9-point service-fraction universe.""","""src/production_successor_stack_v7_3.py ALPHAS; scripts/19a preflight; Framework v7.4 section 36.4.""","""Case coordinates are unchanged.""","""The fixed grid does not imply execution: Full81 outcomes on the accepted v7.3/v7.4 route and accepted reconstructed-PV planning input remain NOT_YET_EXECUTED.""","""UNCHANGED""","""0 grid points""","""0"""
"""V7_3_TO_V7_4_VERSION_TRANSITION_CANDIDATE_R2""","""D017""","""K_RESILIENCE_OR_CASE_UNIVERSE""","""beta grid""","""4,5,6,7,8,9,10,11,12 hours""","""4,5,6,7,8,9,10,11,12 hours""","""NO""","""NO_CHANGE""","""NONE""","""NONE""","""NO""","""Inherited 9-point outage-duration universe.""","""src/production_successor_stack_v7_3.py BETAS_H; scripts/19a preflight; Framework v7.4 section 36.4.""","""Case coordinates are unchanged.""","""The fixed grid does not imply execution: Full81 outcomes on the accepted v7.3/v7.4 route and accepted reconstructed-PV planning input remain NOT_YET_EXECUTED.""","""UNCHANGED""","""0 grid points""","""0"""
"""V7_3_TO_V7_4_VERSION_TRANSITION_CANDIDATE_R2""","""D018""","""J_FINANCIAL_OR_ACCOUNTING_BASIS""","""PNNL 10 MW role""","""Ex-ante mainline full cost package.""","""UNCHANGED""","""NO""","""NO_CHANGE""","""NONE; Gate 1 remains CLOSED.""","""NONE""","""NO""","""Inherited mainline cost-scale authority.""","""Framework v7.3 section 34.1-34.2; Framework v7.4 section 36.4.""","""Optimized battery power does not select the cost package.""","""The role is ex-ante and must not be outcome-switched.""","""UNCHANGED""","""0""","""0"""
"""V7_3_TO_V7_4_VERSION_TRANSITION_CANDIDATE_R2""","""D019""","""J_FINANCIAL_OR_ACCOUNTING_BASIS""","""PNNL 1 MW role""","""Higher-cost full-package sensitivity.""","""UNCHANGED""","""NO""","""NO_CHANGE""","""NONE; Gate 1 remains CLOSED.""","""NONE""","""NO""","""Inherited sensitivity role.""","""Framework v7.3 section 34.1-34.2; Framework v7.4 section 36.4.""","""The 1 MW package remains a sensitivity, not an alternative selected by optimized size.""","""No new cost-scale sensitivity is authorized by this transition.""","""UNCHANGED""","""0""","""0"""
"""V7_3_TO_V7_4_VERSION_TRANSITION_CANDIDATE_R2""","""D020""","""J_FINANCIAL_OR_ACCOUNTING_BASIS""","""monetary basis""","""constant NTD-2023; real discount rate 5 percent; horizon 20 years; CRF approximately 0.080243""","""UNCHANGED""","""NO""","""NO_CHANGE""","""NONE; Gate 2 remains CLOSED.""","""NONE""","""NO""","""Inherited accounting basis.""","""Framework v7.3 section 34.3; Framework v7.4 section 36.4; unchanged core guards.""","""No currency-vintage or discounting change accompanies v7.4.""","""Optional nominal-equivalent reporting does not replace the optimization basis.""","""UNCHANGED""","""0""","""0"""
"""V7_3_TO_V7_4_VERSION_TRANSITION_CANDIDATE_R2""","""D021""","""H_SOLVER_OR_CONFIGURATION_IDENTITY""","""solver settings / fingerprint""","""Binary EOB and Layer A formulation; MIPGap 1e-6; NumericFocus 1; no automatic retry; EOB OutputFlag 1; Layer A OutputFlag 0, MIPFocus 0, Threads 0, TimeLimit unset.""","""UNCHANGED""","""NO""","""NO_CHANGE""","""NONE""","""NONE; no solver-setting file or route code changed in the v7.4 commit series.""","""NO""","""Existing production contract remains the implementation authority.""","""src/production_successor_stack_v7_3.py EOB_SOLVER_SETTINGS/LAYER_A_SOLVER_SETTINGS; accepted solver_settings.json files; Git diff 1651b310..53e3d5e3.""","""No solver configuration change can explain a version effect.""","""A future production run still requires the live fail-closed repository gate.""","""UNCHANGED""","""0""","""0"""
"""V7_3_TO_V7_4_VERSION_TRANSITION_CANDIDATE_R2""","""D022""","""E_IMPLEMENTATION_IDENTITY""","""production successor stack""","""Final v7.3 boundary current bytes: src/production_successor_stack_v7_3.py SHA256 f1d7125f0ee7897db0e25486eca7dd562369d13b5dae1f5364aa4e0384c27323 at commit 1651b310; execution-time b87575c stack SHA256 5c5a9f7412c8eb40dafe65e52d54ba7cd725380ff4c9bc9e8948b2ecac915f20.""","""Same final-boundary current bytes: SHA256 f1d7125f0ee7897db0e25486eca7dd562369d13b5dae1f5364aa4e0384c27323; no v7.4 code change.""","""NO""","""NO_CHANGE""","""NONE""","""NONE across the v7.3-to-v7.4 boundary; the earlier b87575c-to-1651b310 change was console JSON reporting only.""","""NO""","""Existing v7.3 successor bundle remains the implementation route; v7.4 does not rename or repurpose it.""","""Git blobs de8d3e48 at execution and 041a7252 at final v7.3 boundary/current; commit 1651b310 diff; no code paths changed in commits 5d81ee98..53e3d5e3.""","""The accepted v7.4 delta is not encoded as a new solver stack because it changes no solver-facing method.""","""Execution-time and current reporting-compatible raw identities must not be conflated.""","""UNCHANGED_AT_FINAL_V7_3_BOUNDARY""","""0 bytes across 1651b310 to current HEAD""","""0"""
"""V7_3_TO_V7_4_VERSION_TRANSITION_CANDIDATE_R2""","""D023""","""F_EXECUTION_ROUTE_OR_GATE""","""production gate""","""Fail-closed gate requires explicit execute flag and scope, thesis-v7 branch, Step2E1 ancestor, committed successor bytes, clean tracked/index state, HEAD=origin/thesis-v7, valid authority hashes, exact accepted annual identity, no CSV fallback, and no untracked authority-surface paths.""","""UNCHANGED""","""NO""","""NO_CHANGE""","""NONE""","""NONE; live production eligibility is repository-state dependent.""","""NO""","""No v7.4 production-authority re-freeze or Full81 authorization is conferred.""","""Current src/production_successor_stack_v7_3.py inspect_deployment_snapshot and validate_deployment_snapshot implementations.""","""Governance acceptance does not bypass execution authority.""","""At candidate build time HEAD differs from origin and candidate files are untracked under results, so no production run is authorized.""","""UNCHANGED_FAIL_CLOSED_GATE""","""NOT_APPLICABLE""","""NOT_APPLICABLE"""
"""V7_3_TO_V7_4_VERSION_TRANSITION_CANDIDATE_R2""","""D024""","""G_NUMERICAL_OUTPUT_OR_RESULT_STATE""","""EOB artifacts""","""Accepted run results/eob_production_v7_3/runs/20260924T184038809594Z_59116b1556; result SHA256 14752e0fb78d585c4bb6f3ad3c8dcb14b60ad50311640840f3c8b7c248f52fe1; objective 66622010.51124089 NTD-2023/year; execution-time manifest COMPLETE_PASS_PENDING_INDEPENDENT_ACCEPTANCE; current governance CLOSED_ACCEPTED.""","""Same exact run and result bytes; valid under v7.4; current governance CLOSED_ACCEPTED.""","""NO""","""NO_CHANGE""","""NONE""","""NONE; no EOB rerun.""","""NO""","""Framework/Registry v7.4 closures explicitly retain continuing validity.""","""EOB authority.json, result.json, completion_manifest.json; Framework v7.4 closure sections 6 and 11; Registry v7.4 acceptance manifest.""","""The version transition creates no numerical EOB delta.""","""Do not rewrite the historical execution-time completion status to match later governance acceptance.""","""UNCHANGED_ACCEPTED_EOB""","""0""","""0"""
"""V7_3_TO_V7_4_VERSION_TRANSITION_CANDIDATE_R2""","""D025""","""G_NUMERICAL_OUTPUT_OR_RESULT_STATE""","""core-three artifacts""","""Accepted run results/layer_a/final_81_v7_3/runs/20260925T062317399837Z_bb564f7b55; three cases a0.60_b04, a0.80_b08, a1.00_b12; result SHA256 values a70d784b94896fcb83586a7f3426bc496918637a7cc2d1c5f22db97fdd805ca0, 9973f2ce5c6c52ae2b19a3e170c8f7a17f6a199e4d1d6d5ebee6a9a4ec72417c, 9ad1cff430c644b97501c2216efafb5cb913785b4bb7ba48889189243123301f; execution-time manifest pending; current governance CLOSED_ACCEPTED.""","""Same exact run, cases, and result bytes; valid under v7.4; current governance CLOSED_ACCEPTED.""","""NO""","""NO_CHANGE""","""NONE""","""NONE; no core-three rerun.""","""NO""","""Framework/Registry v7.4 closures explicitly retain continuing validity.""","""Core-three authority.json, case_schedule.json, outer and per-case completion manifests and result.json files; v7.4 closures.""","""Representative-case outputs are continuous across the authority transition.""","""Three accepted representative cases are not the complete 81-case surface.""","""UNCHANGED_ACCEPTED_CORE_THREE""","""0""","""0"""
"""V7_3_TO_V7_4_VERSION_TRANSITION_CANDIDATE_R2""","""D026""","""L_FUTURE_NOT_YET_EXECUTED""","""Current accepted-route Full81 state""","""NOT_YET_EXECUTED / NOT_YET_AUTHORIZED""","""NOT_YET_EXECUTED / NOT_YET_AUTHORIZED""","""UNKNOWN""","""OPTIMIZATION_RESPONSE""","""NONE""","""No Full81 execution exists on the accepted v7.3/v7.4 production route using the accepted reconstructed-PV planning input. A completed historical v7.2 R9 Full81 execution exists, but it used annual_input_v7_1.parquet and is outside this comparison basis.""","""NOT_APPLICABLE""","""Framework/Registry acceptance does not authorize Full81 on the accepted v7.3/v7.4 route; Task 3 and later gates remain pending.""","""Current-route state: Framework v7.4 closure sections 11-12, Registry v7.4 acceptance closure, and the three-case final_81_v7_3 run. Historical context: v7.2 R9 run 20260911T112258206802Z_4d0eb9e1da completion_manifest.json and run_manifest.json plus the two historical lineage checkpoints.""","""No valid v7.3/v7.4 Full81 numerical delta exists. The historical v7.2 R9 surface is not a controlled counterfactual for the accepted v7.3-to-v7.4 change groups.""","""Historical v7.2 outputs must not be used to attribute a causal numerical delta to v7.3-to-v7.4; core-three acceptance is not current-route Full81 completion.""","""NOT_YET_EXECUTED""","""NOT_APPLICABLE""","""NOT_APPLICABLE"""
"""V7_3_TO_V7_4_VERSION_TRANSITION_CANDIDATE_R2""","""D027""","""C_GOVERNANCE_OR_LIFECYCLE""","""methodology-driven rerun requirement""","""No v7.4 transition had yet been adjudicated at the final v7.3 boundary.""","""NO methodology rerun required for accepted EOB or core-three; no new zero-winter solve required; Full81 on the accepted v7.3/v7.4 route remains separately gated and NOT_YET_EXECUTED.""","""YES""","""LIFECYCLE_ADJUDICATION""","""Confirms scientific continuity of already accepted results under v7.4.""","""No execution performed.""","""NO""","""Accepted v7.4 closure records the continuing-validity decision.""","""Framework v7.4 acceptance closure sections 6, 11-12; Registry v7.4 acceptance manifest accepted_production_results.""","""A version-label transition alone is not a scientific reason to rerun unchanged code/input/settings.""","""This does not authorize current-route Full81 or waive its separate production gate; the historical v7.2 R9 Full81 is outside the current-route comparison basis.""","""NO_METHODOLOGY_RERUN_REQUIRED""","""NOT_APPLICABLE""","""NOT_APPLICABLE"""
