package_identity,record_id,authority_domain,v7_3_authority,v7_3_path_or_identity,v7_3_sha256_or_commit,v7_3_lifecycle,v7_4_authority,v7_4_path_or_identity,v7_4_sha256_or_commit,v7_4_lifecycle,transition_effect,byte_continuity,evidence_basis,caveat
"""V7_3_TO_V7_4_VERSION_TRANSITION_CANDIDATE_R1""","""A001""","""methodology""","""Framework v7.3""","""docs/research_framework_v7_3_2026-09-23.md""","""44e313e71ea2a01e213454b4d838a86ec674fcda4f95a3b194ed68a92115ef2a""","""CLOSED_ACCEPTED_HISTORICAL_PREDECESSOR""","""Framework v7.4""","""docs/research_framework_v7_4_2026-09-26_r2.md""","""36dd18039667ef908c80cc0be78aa8ea0a89779ab1f1cd23d9ee21541ad2f273""","""CLOSED_ACCEPTED_CURRENT_AUTHORITY""","""AUTHORITY_PROMOTION_EXACTLY_THREE_SCIENTIFIC_GROUPS""","""ADDITIVE_SUCCESSOR_PREDECESSOR_PRESERVED""","""Framework v7.4 acceptance checkpoint and manifest at commit 2fe2105180c68d9289eddc2668399687d4c49d2e""","""Formal name excludes the _r2 provenance suffix."""
"""V7_3_TO_V7_4_VERSION_TRANSITION_CANDIDATE_R1""","""A002""","""evidence""","""Registry v7.3""","""docs/thesis_literature_evidence_registry_v7_3_2026-09-23_r3.md""","""e81efc8ac6ec76846838adc33bd8015e65108bba0ffd6c06052409fdcfd1009d""","""CLOSED_ACCEPTED_HISTORICAL_PREDECESSOR""","""Registry v7.4""","""docs/thesis_literature_evidence_registry_v7_4_2026-09-26.md""","""5cc5d091af3be1943531a5a44d648fad58738730581dbf0331cdc2fe86029433""","""CLOSED_ACCEPTED_CURRENT_AUTHORITY""","""AUTHORITY_PROMOTION_ALIGNED_TO_FRAMEWORK_GROUPS_A_B_C""","""CANDIDATE_R1_BYTES_ACCEPTED_UNCHANGED""","""Registry independent audit and acceptance closure at commit 9050d0eabd0ee5c41626ba924c31a67f301c7293""","""Formal name is Registry v7.4, never Registry v7.4 R1."""
"""V7_3_TO_V7_4_VERSION_TRANSITION_CANDIDATE_R1""","""A003""","""methodology_evidence_lifecycle_closure""","""V7.3 Methodology / Evidence Authority Freeze""","""docs/v7_3_methodology_evidence_authority_freeze_2026-09-23.md""","""23ff149dd892d08d6aa2cc71848906821eb30f7369024585537a186b2813df6d""","""CLOSED_ACCEPTED_HISTORICAL_RECORD""","""Separate Framework and Registry v7.4 acceptance closures""","""docs/checkpoints/framework_v7_4_acceptance_closure_2026-09-26.md; docs/checkpoints/literature_evidence_registry_v7_4_acceptance_closure_2026-09-26.md""","""39171a983534f723550ee8003924f28ad88b1abb4cb7a63d2944a1123496dd1f; 4b7607373f457fc3c607d0f4e3205e55ff2db2a4fc319c41dc7706b9ad391977""","""CLOSED_ACCEPTED_ADDITIVE_CLOSURES""","""V7_3_FREEZE_RETAINED_AS_HISTORICAL_AUTHORITY_RECORD""","""V7_3_FREEZE_UNCHANGED""","""Tracked Git blobs and acceptance-closure manifests""","""v7.3 zero-winter wording remains historically correct but is no longer current prescription."""
"""V7_3_TO_V7_4_VERSION_TRANSITION_CANDIDATE_R1""","""A004""","""planning_input""","""Accepted Step 2D Candidate R3 exact bytes""","""data/processed/annual_input_v7_3_reconstructed_pv_mainline_candidate_r3_2026-09-23.parquet""","""3ac8dda4a3f1c6983780508cc8131977dd87fda35fc0fc7aff287cc56a50c428; blob d23dfbcca8c49703d11c20d4c4303a323035c84c; accepted tag peels to 07200697d0da7567715ec77edf3d853acbc53918""","""CLOSED_ACCEPTED""","""Same accepted Step 2D Candidate R3 exact bytes""","""data/processed/annual_input_v7_3_reconstructed_pv_mainline_candidate_r3_2026-09-23.parquet""","""3ac8dda4a3f1c6983780508cc8131977dd87fda35fc0fc7aff287cc56a50c428; blob d23dfbcca8c49703d11c20d4c4303a323035c84c""","""CLOSED_ACCEPTED_UNCHANGED""","""NO_IDENTITY_CHANGE""","""EXACT""","""Filesystem SHA/size, Git blob, Step 2D acceptance artifacts, and both v7.4 acceptance manifests""","""Artifact role is reconstructed_pv_mainline; reconstructed values are not observations."""
"""V7_3_TO_V7_4_VERSION_TRANSITION_CANDIDATE_R1""","""A005""","""scientific_core_implementation""","""Annual design core v7.2 R10 used by v7.3 production route""","""src/annual_design_model_v7_2.py""","""9d828321814b09141497056d1bb17da8b2839c5eb151fce8530059fb7e193da8; blob 4724023cbf98f414afa4d2cb8e2478a482f55f36""","""ACCEPTED_IMPLEMENTATION_AUTHORITY""","""Same annual design core""","""src/annual_design_model_v7_2.py""","""9d828321814b09141497056d1bb17da8b2839c5eb151fce8530059fb7e193da8; blob 4724023cbf98f414afa4d2cb8e2478a482f55f36""","""ACCEPTED_IMPLEMENTATION_AUTHORITY_UNCHANGED""","""NO_CODE_OR_EQUATION_CHANGE""","""EXACT""","""Git blob at final v7.3 boundary 1651b310 and current HEAD 53e3d5e3""","""Filename version remains v7.2 because v7.4 made no solver-facing methodology change."""
"""V7_3_TO_V7_4_VERSION_TRANSITION_CANDIDATE_R1""","""A006""","""production_input_authority_module""","""v7.3 production input authority""","""src/production_input_authority_v7_3.py""","""f6d5093f94b767882c23544e2d0390aea2f939e5755f8950fc3c53d9878a8ed1; blob c4e21749a1ea16fb7650acf92b1190c3bfefd733; commit d52d9584b22da2a41b51c8ce3e99a0335e39da2b""","""FROZEN_ACCEPTED""","""Same v7.3 production input authority""","""src/production_input_authority_v7_3.py""","""f6d5093f94b767882c23544e2d0390aea2f939e5755f8950fc3c53d9878a8ed1; blob c4e21749a1ea16fb7650acf92b1190c3bfefd733""","""FROZEN_ACCEPTED_UNCHANGED""","""NO_ROUTE_IDENTITY_CHANGE""","""EXACT""","""Static source hash, Git history, and successor-stack authority pin""","""Future execution must still pass the live deployment gate."""
"""V7_3_TO_V7_4_VERSION_TRANSITION_CANDIDATE_R1""","""A007""","""production_successor_stack_current""","""Final v7.3 boundary reporting-compatible successor stack""","""src/production_successor_stack_v7_3.py and scripts/21b-21d""","""commit 1651b31008c565e105fc79a958f9ca98a194aa80; stack SHA256 f1d7125f0ee7897db0e25486eca7dd562369d13b5dae1f5364aa4e0384c27323""","""ACCEPTED_IMPLEMENTATION_STATE""","""Same successor stack bytes""","""src/production_successor_stack_v7_3.py and scripts/21b-21d""","""current HEAD 53e3d5e38e68d000b25eea7d06d35b4600219c02; stack SHA256 f1d7125f0ee7897db0e25486eca7dd562369d13b5dae1f5364aa4e0384c27323""","""ACCEPTED_IMPLEMENTATION_STATE_UNCHANGED""","""NO_CODE_CHANGE_IN_V7_4_SERIES""","""EXACT_FROM_1651B310_TO_HEAD""","""Git path blobs at 1651b310 and HEAD; seven-commit v7.4 scope inspection""","""Do not confuse these current bytes with the b87575c execution-time reporting bytes."""
"""V7_3_TO_V7_4_VERSION_TRANSITION_CANDIDATE_R1""","""A008""","""accepted_execution_time_route""","""EOB/core-three execution-time authority snapshot""","""authority.json in both accepted run directories""","""HEAD=origin=b87575c24aa7e85f77f9c43419b460943d71a9da; stack SHA256 at that commit 5c5a9f7412c8eb40dafe65e52d54ba7cd725380ff4c9bc9e8948b2ecac915f20""","""PRODUCTION_AUTHORITY_FROZEN_AT_EXECUTION""","""Historical execution snapshot retained; current continuing validity adjudicated""","""same immutable authority.json files""","""EOB authority SHA256 4bb9c22c5c223194b8c30813ecf91ab153b480e6bd860c332cd68db24aff7c0c; core-three authority SHA256 b258b9dbb3d5c04c779804987b9c89698bab11333e8f900fd8c4a58c182e6936""","""HISTORICAL_EXECUTION_IDENTITY_CURRENTLY_VALID""","""NO_RERUN_AND_NO_REWRITE""","""EXACT_SURVIVING_BYTES""","""Run authority files and v7.4 continuing-validity closures""","""Commit 1651b310 later changed console/report serialization only and did not alter these published run bytes."""
"""V7_3_TO_V7_4_VERSION_TRANSITION_CANDIDATE_R1""","""A009""","""accepted_eob_result""","""Accepted v7.3 EOB exact result""","""results/eob_production_v7_3/runs/20260924T184038809594Z_59116b1556/result.json""","""14752e0fb78d585c4bb6f3ad3c8dcb14b60ad50311640840f3c8b7c248f52fe1""","""CLOSED_ACCEPTED_CURRENT_GOVERNANCE""","""Same exact EOB result valid under v7.4""","""results/eob_production_v7_3/runs/20260924T184038809594Z_59116b1556/result.json""","""14752e0fb78d585c4bb6f3ad3c8dcb14b60ad50311640840f3c8b7c248f52fe1""","""CLOSED_ACCEPTED_CONTINUING_VALIDITY""","""NO_NUMERICAL_CHANGE""","""EXACT""","""Run manifest registry plus v7.4 Framework/Registry closure records""","""Run bytes are gitignored; EOB has an exact untracked ZIP copy but neither is Git-durable."""
"""V7_3_TO_V7_4_VERSION_TRANSITION_CANDIDATE_R1""","""A010""","""accepted_core_three_results""","""Accepted v7.3 representative Layer A core-three""","""results/layer_a/final_81_v7_3/runs/20260925T062317399837Z_bb564f7b55""","""LOW a70d784b94896fcb83586a7f3426bc496918637a7cc2d1c5f22db97fdd805ca0; CENTRAL 9973f2ce5c6c52ae2b19a3e170c8f7a17f6a199e4d1d6d5ebee6a9a4ec72417c; HIGH 9ad1cff430c644b97501c2216efafb5cb913785b4bb7ba48889189243123301f""","""CLOSED_ACCEPTED_CURRENT_GOVERNANCE""","""Same exact core-three results valid under v7.4""","""results/layer_a/final_81_v7_3/runs/20260925T062317399837Z_bb564f7b55""","""LOW a70d784b94896fcb83586a7f3426bc496918637a7cc2d1c5f22db97fdd805ca0; CENTRAL 9973f2ce5c6c52ae2b19a3e170c8f7a17f6a199e4d1d6d5ebee6a9a4ec72417c; HIGH 9ad1cff430c644b97501c2216efafb5cb913785b4bb7ba48889189243123301f""","""CLOSED_ACCEPTED_CONTINUING_VALIDITY""","""NO_NUMERICAL_CHANGE""","""EXACT""","""Outer/per-case manifests and v7.4 Framework/Registry closure records""","""Run bytes are gitignored and no Git-durable core-three archive was found."""
"""V7_3_TO_V7_4_VERSION_TRANSITION_CANDIDATE_R1""","""A011""","""production_execution_gate""","""require_production_authority in v7.3 successor stack""","""src/production_successor_stack_v7_3.py validate_deployment_snapshot""","""f1d7125f0ee7897db0e25486eca7dd562369d13b5dae1f5364aa4e0384c27323 at final v7.3 boundary""","""FAIL_CLOSED_GATE""","""Same live gate; no v7.4 re-freeze performed""","""src/production_successor_stack_v7_3.py validate_deployment_snapshot""","""f1d7125f0ee7897db0e25486eca7dd562369d13b5dae1f5364aa4e0384c27323 at current HEAD""","""FAIL_CLOSED_GATE_UNCHANGED""","""NO_EXECUTION_AUTHORIZATION""","""EXACT""","""Direct static inspection of current gate implementation""","""Candidate creation itself makes protected untracked paths; current HEAD is also ahead of origin, so production is not authorized."""
"""V7_3_TO_V7_4_VERSION_TRANSITION_CANDIDATE_R1""","""A012""","""full81""","""NOT_YET_EXECUTED / NOT_YET_AUTHORIZED""","""NO_ACCEPTED_FULL81_RUN""","""NOT_APPLICABLE""","""NOT_YET_EXECUTED""","""NOT_YET_EXECUTED / NOT_YET_AUTHORIZED""","""NO_ACCEPTED_FULL81_RUN""","""NOT_APPLICABLE""","""NOT_YET_EXECUTED""","""NO_FUTURE_RESULT_FABRICATED""","""NOT_APPLICABLE""","""Only one v7.3 final_81 run directory exists and contains three case directories; accepted closures preserve Full81 as pending""","""Core-three is a different execution state and cannot stand in for Full81."""
