parameter_name,value,unit,currency,currency_base_year,source,source_version,capacity_basis,annualized,annualization_method,mainline_or_legacy,notes
discount_rate_real,0.05,fraction,,,Research Framework v7.2 / Gate 2,v7.2-2026-08-24,financial,no,none,mainline,Fixed real modeling discount rate; not claimed as NTUST WACC.
analysis_horizon_years,20.0,year,,,Research Framework v7.2 / Gate 2,v7.2-2026-08-24,financial,no,none,mainline,Financial analysis horizon; not a physical battery-life hard gate.
capital_recovery_factor,0.08024258719069129,1/year,,,Script 14a derived from r and n,v7.2-production-economic-interface-cpi-sourcefile-2026-08-26-r1,financial,yes,"CRF(r=0.05,n=20)",mainline,Derived by code; CRF is not independently hard-coded as a source value.
billing_demand_kappa,1.0103668594376984,dimensionless,,,Script 08 kappa calibration pairs,v7.1-kappa-calibration-2026-08-17,billing_proxy,no,none,mainline,NTUST site-specific through-origin LS coefficient; not a universal Taipower coefficient.
taipower_deflator_2024_to_ntd2023,0.9786661719692051,multiplier,NTD,2023.0,"Directorate-General of Budget, Accounting and Statistics (DGBAS), Taiwan",cpispl.xls; sha256=b162edf6946f...; annual-average CPI 2024,tariff_cashflow,no,annual-average CPI index deflation,mainline,Applied to usage-year 2024 nominal Taipower monetary rates; normalized layer=taipower_tariff_optimization_ntd2023_v7_2.csv.
taipower_deflator_2025_to_ntd2023,0.9626824817518249,multiplier,NTD,2023.0,"Directorate-General of Budget, Accounting and Statistics (DGBAS), Taiwan",cpispl.xls; sha256=b162edf6946f...; annual-average CPI 2025,tariff_cashflow,no,annual-average CPI index deflation,mainline,Applied to usage-year 2025 nominal Taipower monetary rates; normalized layer=taipower_tariff_optimization_ntd2023_v7_2.csv.
bess_1mw_capex_C_E,12537.90615,NTD/kWh,NTD,2023.0,PNNL v2024 LFP package via Scripts 11f/11g/11h,11g/11h audited package chain,nameplate_energy,no,none,sensitivity,Raw normalized CAPEX energy coefficient; CRF not yet applied. 1 MW is the ex-ante cost-scale sensitivity package.
bess_1mw_capex_C_P,7246.985199999963,NTD/kW,NTD,2023.0,PNNL v2024 LFP package via Scripts 11f/11g/11h,11g/11h audited package chain,ac_power_rating,no,none,sensitivity,Raw normalized CAPEX power coefficient; CRF not yet applied. 1 MW is the ex-ante cost-scale sensitivity package.
bess_1mw_annualized_capex_C_E,1006.0740274300796,NTD/kWh-year,NTD,2023.0,PNNL v2024 LFP package via Scripts 11f/11g/11h,11g/11h audited package chain,nameplate_energy,yes,CRF,sensitivity,Annualized CAPEX energy coefficient = raw C_E * code-derived CRF. 1 MW is the ex-ante cost-scale sensitivity package.
bess_1mw_annualized_capex_C_P,581.5168417806464,NTD/kW-year,NTD,2023.0,PNNL v2024 LFP package via Scripts 11f/11g/11h,11g/11h audited package chain,ac_power_rating,yes,CRF,sensitivity,Annualized CAPEX power coefficient = raw C_P * code-derived CRF. 1 MW is the ex-ante cost-scale sensitivity package.
bess_1mw_fom_E,26.695550000000004,NTD/kWh-year,NTD,2023.0,PNNL v2024 LFP package via Scripts 11f/11g/11h,11g/11h audited package chain,nameplate_energy,yes,source-defined annual FOM,sensitivity,Annual FOM; must NOT receive CRF again. 1 MW is the ex-ante cost-scale sensitivity package.
bess_1mw_fom_P,60.77364999999988,NTD/kW-year,NTD,2023.0,PNNL v2024 LFP package via Scripts 11f/11g/11h,11g/11h audited package chain,ac_power_rating,yes,source-defined annual FOM,sensitivity,Annual FOM; must NOT receive CRF again. 1 MW is the ex-ante cost-scale sensitivity package.
bess_1mw_C_rep,6677.78125,NTD/kWh,NTD,2023.0,PNNL v2024 LFP package via Scripts 11f/11g/11h,11g/11h audited package chain,battery_side_nameplate_energy,no,none,sensitivity,Cycling-wear replacement-cost basis; not CRF-annualized. 1 MW is the ex-ante cost-scale sensitivity package.
bess_1mw_lambda_1,0.6956022135416666,NTD/battery-side-discharged-kWh,NTD,2023.0,PNNL v2024 LFP package via Scripts 11f/11g/11h,11g/11h audited package chain,battery_side_discharge,no,PNNL-calibrated PWL,sensitivity,Bracket-specific lambda; use with Xu-derived intertemporal segment states. 1 MW is the ex-ante cost-scale sensitivity package.
bess_1mw_lambda_2,2.0868066406250003,NTD/battery-side-discharged-kWh,NTD,2023.0,PNNL v2024 LFP package via Scripts 11f/11g/11h,11g/11h audited package chain,battery_side_discharge,no,PNNL-calibrated PWL,sensitivity,Bracket-specific lambda; use with Xu-derived intertemporal segment states. 1 MW is the ex-ante cost-scale sensitivity package.
bess_1mw_lambda_3,2.7824088541666656,NTD/battery-side-discharged-kWh,NTD,2023.0,PNNL v2024 LFP package via Scripts 11f/11g/11h,11g/11h audited package chain,battery_side_discharge,no,PNNL-calibrated PWL,sensitivity,Bracket-specific lambda; use with Xu-derived intertemporal segment states. 1 MW is the ex-ante cost-scale sensitivity package.
bess_10mw_capex_C_E,11281.486474999998,NTD/kWh,NTD,2023.0,PNNL v2024 LFP package via Scripts 11f/11g/11h,11g/11h audited package chain,nameplate_energy,no,none,mainline,Raw normalized CAPEX energy coefficient; CRF not yet applied. 10 MW is the ex-ante thesis mainline cost-scale package.
bess_10mw_capex_C_P,5392.906049999981,NTD/kW,NTD,2023.0,PNNL v2024 LFP package via Scripts 11f/11g/11h,11g/11h audited package chain,ac_power_rating,no,none,mainline,Raw normalized CAPEX power coefficient; CRF not yet applied. 10 MW is the ex-ante thesis mainline cost-scale package.
bess_10mw_annualized_capex_C_E,905.2556621107918,NTD/kWh-year,NTD,2023.0,PNNL v2024 LFP package via Scripts 11f/11g/11h,11g/11h audited package chain,nameplate_energy,yes,CRF,mainline,Annualized CAPEX energy coefficient = raw C_E * code-derived CRF. 10 MW is the ex-ante thesis mainline cost-scale package.
bess_10mw_annualized_capex_C_P,432.74073392833,NTD/kW-year,NTD,2023.0,PNNL v2024 LFP package via Scripts 11f/11g/11h,11g/11h audited package chain,ac_power_rating,yes,CRF,mainline,Annualized CAPEX power coefficient = raw C_P * code-derived CRF. 10 MW is the ex-ante thesis mainline cost-scale package.
bess_10mw_fom_E,27.396424999999997,NTD/kWh-year,NTD,2023.0,PNNL v2024 LFP package via Scripts 11f/11g/11h,11g/11h audited package chain,nameplate_energy,yes,source-defined annual FOM,mainline,Annual FOM; must NOT receive CRF again. 10 MW is the ex-ante thesis mainline cost-scale package.
bess_10mw_fom_P,33.673149999999914,NTD/kW-year,NTD,2023.0,PNNL v2024 LFP package via Scripts 11f/11g/11h,11g/11h audited package chain,ac_power_rating,yes,source-defined annual FOM,mainline,Annual FOM; must NOT receive CRF again. 10 MW is the ex-ante thesis mainline cost-scale package.
bess_10mw_C_rep,5952.064124999999,NTD/kWh,NTD,2023.0,PNNL v2024 LFP package via Scripts 11f/11g/11h,11g/11h audited package chain,battery_side_nameplate_energy,no,none,mainline,Cycling-wear replacement-cost basis; not CRF-annualized. 10 MW is the ex-ante thesis mainline cost-scale package.
bess_10mw_lambda_1,0.6200066796874999,NTD/battery-side-discharged-kWh,NTD,2023.0,PNNL v2024 LFP package via Scripts 11f/11g/11h,11g/11h audited package chain,battery_side_discharge,no,PNNL-calibrated PWL,mainline,Bracket-specific lambda; use with Xu-derived intertemporal segment states. 10 MW is the ex-ante thesis mainline cost-scale package.
bess_10mw_lambda_2,1.8600200390625,NTD/battery-side-discharged-kWh,NTD,2023.0,PNNL v2024 LFP package via Scripts 11f/11g/11h,11g/11h audited package chain,battery_side_discharge,no,PNNL-calibrated PWL,mainline,Bracket-specific lambda; use with Xu-derived intertemporal segment states. 10 MW is the ex-ante thesis mainline cost-scale package.
bess_10mw_lambda_3,2.4800267187499987,NTD/battery-side-discharged-kWh,NTD,2023.0,PNNL v2024 LFP package via Scripts 11f/11g/11h,11g/11h audited package chain,battery_side_discharge,no,PNNL-calibrated PWL,mainline,Bracket-specific lambda; use with Xu-derived intertemporal segment states. 10 MW is the ex-ante thesis mainline cost-scale package.
