parameter_id,parameter_group,season,tou_period,contract_period,applicable,usage_year,nominal_value,nominal_unit,nominal_currency,nominal_cashflow_year,relative_cpi_2023_eq_1,deflator_to_constant_ntd2023,value_constant_ntd2023,optimization_unit,optimization_currency,optimization_currency_base_year,normalization_formula,deflator_source,deflator_series,deflator_source_file,deflator_source_sha256,deflator_source_sheet,deflator_retrieved_date,raw_tariff_source_file,raw_tariff_source_role,raw_mainline_or_legacy,notes
energy_summer_peak,energy_rate,summer,peak,,True,2024,5.8,NTD/kWh,NTD,2024,1.021798881622595,0.9786661719692051,5.67626379742139,NTD-2023/kWh,NTD,2023,value_constant_NTD2023 = nominal_value * CPI_2023 / CPI_usage_year,"Directorate-General of Budget, Accounting and Statistics (DGBAS), Taiwan","Consumer Price Index (CPI), annual average; 2021=100",cpispl.xls,b162edf6946f1e12d21090d56917f66edd59cb45a4cb197b9b4fe1a7305e511f,CPI,2026-08-26,簡要電價表_1130401始.pdf,production_school_tariff_parameter,mainline,Optimization-facing copy only; raw 13b nominal tariff row is preserved.
energy_summer_peak,energy_rate,summer,peak,,True,2025,5.8,NTD/kWh,NTD,2025,1.038764098189745,0.9626824817518249,5.583558394160584,NTD-2023/kWh,NTD,2023,value_constant_NTD2023 = nominal_value * CPI_2023 / CPI_usage_year,"Directorate-General of Budget, Accounting and Statistics (DGBAS), Taiwan","Consumer Price Index (CPI), annual average; 2021=100",cpispl.xls,b162edf6946f1e12d21090d56917f66edd59cb45a4cb197b9b4fe1a7305e511f,CPI,2026-08-26,簡要電價表_1130401始.pdf,production_school_tariff_parameter,mainline,Optimization-facing copy only; raw 13b nominal tariff row is preserved.
energy_summer_half,energy_rate,summer,half,,True,2024,3.63,NTD/kWh,NTD,2024,1.021798881622595,0.9786661719692051,3.5525582042482147,NTD-2023/kWh,NTD,2023,value_constant_NTD2023 = nominal_value * CPI_2023 / CPI_usage_year,"Directorate-General of Budget, Accounting and Statistics (DGBAS), Taiwan","Consumer Price Index (CPI), annual average; 2021=100",cpispl.xls,b162edf6946f1e12d21090d56917f66edd59cb45a4cb197b9b4fe1a7305e511f,CPI,2026-08-26,簡要電價表_1130401始.pdf,production_school_tariff_parameter,mainline,Optimization-facing copy only; raw 13b nominal tariff row is preserved.
energy_summer_half,energy_rate,summer,half,,True,2025,3.63,NTD/kWh,NTD,2025,1.038764098189745,0.9626824817518249,3.4945374087591246,NTD-2023/kWh,NTD,2023,value_constant_NTD2023 = nominal_value * CPI_2023 / CPI_usage_year,"Directorate-General of Budget, Accounting and Statistics (DGBAS), Taiwan","Consumer Price Index (CPI), annual average; 2021=100",cpispl.xls,b162edf6946f1e12d21090d56917f66edd59cb45a4cb197b9b4fe1a7305e511f,CPI,2026-08-26,簡要電價表_1130401始.pdf,production_school_tariff_parameter,mainline,Optimization-facing copy only; raw 13b nominal tariff row is preserved.
energy_summer_sat_half,energy_rate,summer,sat_half,,True,2024,1.78,NTD/kWh,NTD,2024,1.021798881622595,0.9786661719692051,1.742025786105185,NTD-2023/kWh,NTD,2023,value_constant_NTD2023 = nominal_value * CPI_2023 / CPI_usage_year,"Directorate-General of Budget, Accounting and Statistics (DGBAS), Taiwan","Consumer Price Index (CPI), annual average; 2021=100",cpispl.xls,b162edf6946f1e12d21090d56917f66edd59cb45a4cb197b9b4fe1a7305e511f,CPI,2026-08-26,簡要電價表_1130401始.pdf,production_school_tariff_parameter,mainline,Optimization-facing copy only; raw 13b nominal tariff row is preserved.
energy_summer_sat_half,energy_rate,summer,sat_half,,True,2025,1.78,NTD/kWh,NTD,2025,1.038764098189745,0.9626824817518249,1.7135748175182484,NTD-2023/kWh,NTD,2023,value_constant_NTD2023 = nominal_value * CPI_2023 / CPI_usage_year,"Directorate-General of Budget, Accounting and Statistics (DGBAS), Taiwan","Consumer Price Index (CPI), annual average; 2021=100",cpispl.xls,b162edf6946f1e12d21090d56917f66edd59cb45a4cb197b9b4fe1a7305e511f,CPI,2026-08-26,簡要電價表_1130401始.pdf,production_school_tariff_parameter,mainline,Optimization-facing copy only; raw 13b nominal tariff row is preserved.
energy_summer_off,energy_rate,summer,off,,True,2024,1.58,NTD/kWh,NTD,2024,1.021798881622595,0.9786661719692051,1.5462925517113442,NTD-2023/kWh,NTD,2023,value_constant_NTD2023 = nominal_value * CPI_2023 / CPI_usage_year,"Directorate-General of Budget, Accounting and Statistics (DGBAS), Taiwan","Consumer Price Index (CPI), annual average; 2021=100",cpispl.xls,b162edf6946f1e12d21090d56917f66edd59cb45a4cb197b9b4fe1a7305e511f,CPI,2026-08-26,簡要電價表_1130401始.pdf,production_school_tariff_parameter,mainline,Optimization-facing copy only; raw 13b nominal tariff row is preserved.
energy_summer_off,energy_rate,summer,off,,True,2025,1.58,NTD/kWh,NTD,2025,1.038764098189745,0.9626824817518249,1.5210383211678835,NTD-2023/kWh,NTD,2023,value_constant_NTD2023 = nominal_value * CPI_2023 / CPI_usage_year,"Directorate-General of Budget, Accounting and Statistics (DGBAS), Taiwan","Consumer Price Index (CPI), annual average; 2021=100",cpispl.xls,b162edf6946f1e12d21090d56917f66edd59cb45a4cb197b9b4fe1a7305e511f,CPI,2026-08-26,簡要電價表_1130401始.pdf,production_school_tariff_parameter,mainline,Optimization-facing copy only; raw 13b nominal tariff row is preserved.
energy_non_summer_peak,energy_rate,non_summer,peak,,False,2024,,NTD/kWh,NTD,2024,1.021798881622595,0.9786661719692051,,NTD-2023/kWh,NTD,2023,value_constant_NTD2023 = nominal_value * CPI_2023 / CPI_usage_year,"Directorate-General of Budget, Accounting and Statistics (DGBAS), Taiwan","Consumer Price Index (CPI), annual average; 2021=100",cpispl.xls,b162edf6946f1e12d21090d56917f66edd59cb45a4cb197b9b4fe1a7305e511f,CPI,2026-08-26,簡要電價表_1130401始.pdf,production_school_tariff_parameter,mainline,N/A preserved; not converted to a zero-rate period.
energy_non_summer_peak,energy_rate,non_summer,peak,,False,2025,,NTD/kWh,NTD,2025,1.038764098189745,0.9626824817518249,,NTD-2023/kWh,NTD,2023,value_constant_NTD2023 = nominal_value * CPI_2023 / CPI_usage_year,"Directorate-General of Budget, Accounting and Statistics (DGBAS), Taiwan","Consumer Price Index (CPI), annual average; 2021=100",cpispl.xls,b162edf6946f1e12d21090d56917f66edd59cb45a4cb197b9b4fe1a7305e511f,CPI,2026-08-26,簡要電價表_1130401始.pdf,production_school_tariff_parameter,mainline,N/A preserved; not converted to a zero-rate period.
energy_non_summer_half,energy_rate,non_summer,half,,True,2024,3.4,NTD/kWh,NTD,2024,1.021798881622595,0.9786661719692051,3.3274649846952973,NTD-2023/kWh,NTD,2023,value_constant_NTD2023 = nominal_value * CPI_2023 / CPI_usage_year,"Directorate-General of Budget, Accounting and Statistics (DGBAS), Taiwan","Consumer Price Index (CPI), annual average; 2021=100",cpispl.xls,b162edf6946f1e12d21090d56917f66edd59cb45a4cb197b9b4fe1a7305e511f,CPI,2026-08-26,簡要電價表_1130401始.pdf,production_school_tariff_parameter,mainline,Optimization-facing copy only; raw 13b nominal tariff row is preserved.
energy_non_summer_half,energy_rate,non_summer,half,,True,2025,3.4,NTD/kWh,NTD,2025,1.038764098189745,0.9626824817518249,3.2731204379562047,NTD-2023/kWh,NTD,2023,value_constant_NTD2023 = nominal_value * CPI_2023 / CPI_usage_year,"Directorate-General of Budget, Accounting and Statistics (DGBAS), Taiwan","Consumer Price Index (CPI), annual average; 2021=100",cpispl.xls,b162edf6946f1e12d21090d56917f66edd59cb45a4cb197b9b4fe1a7305e511f,CPI,2026-08-26,簡要電價表_1130401始.pdf,production_school_tariff_parameter,mainline,Optimization-facing copy only; raw 13b nominal tariff row is preserved.
energy_non_summer_sat_half,energy_rate,non_summer,sat_half,,True,2024,1.65,NTD/kWh,NTD,2024,1.021798881622595,0.9786661719692051,1.6147991837491884,NTD-2023/kWh,NTD,2023,value_constant_NTD2023 = nominal_value * CPI_2023 / CPI_usage_year,"Directorate-General of Budget, Accounting and Statistics (DGBAS), Taiwan","Consumer Price Index (CPI), annual average; 2021=100",cpispl.xls,b162edf6946f1e12d21090d56917f66edd59cb45a4cb197b9b4fe1a7305e511f,CPI,2026-08-26,簡要電價表_1130401始.pdf,production_school_tariff_parameter,mainline,Optimization-facing copy only; raw 13b nominal tariff row is preserved.
energy_non_summer_sat_half,energy_rate,non_summer,sat_half,,True,2025,1.65,NTD/kWh,NTD,2025,1.038764098189745,0.9626824817518249,1.5884260948905111,NTD-2023/kWh,NTD,2023,value_constant_NTD2023 = nominal_value * CPI_2023 / CPI_usage_year,"Directorate-General of Budget, Accounting and Statistics (DGBAS), Taiwan","Consumer Price Index (CPI), annual average; 2021=100",cpispl.xls,b162edf6946f1e12d21090d56917f66edd59cb45a4cb197b9b4fe1a7305e511f,CPI,2026-08-26,簡要電價表_1130401始.pdf,production_school_tariff_parameter,mainline,Optimization-facing copy only; raw 13b nominal tariff row is preserved.
energy_non_summer_off,energy_rate,non_summer,off,,True,2024,1.45,NTD/kWh,NTD,2024,1.021798881622595,0.9786661719692051,1.4190659493553475,NTD-2023/kWh,NTD,2023,value_constant_NTD2023 = nominal_value * CPI_2023 / CPI_usage_year,"Directorate-General of Budget, Accounting and Statistics (DGBAS), Taiwan","Consumer Price Index (CPI), annual average; 2021=100",cpispl.xls,b162edf6946f1e12d21090d56917f66edd59cb45a4cb197b9b4fe1a7305e511f,CPI,2026-08-26,簡要電價表_1130401始.pdf,production_school_tariff_parameter,mainline,Optimization-facing copy only; raw 13b nominal tariff row is preserved.
energy_non_summer_off,energy_rate,non_summer,off,,True,2025,1.45,NTD/kWh,NTD,2025,1.038764098189745,0.9626824817518249,1.395889598540146,NTD-2023/kWh,NTD,2023,value_constant_NTD2023 = nominal_value * CPI_2023 / CPI_usage_year,"Directorate-General of Budget, Accounting and Statistics (DGBAS), Taiwan","Consumer Price Index (CPI), annual average; 2021=100",cpispl.xls,b162edf6946f1e12d21090d56917f66edd59cb45a4cb197b9b4fe1a7305e511f,CPI,2026-08-26,簡要電價表_1130401始.pdf,production_school_tariff_parameter,mainline,Optimization-facing copy only; raw 13b nominal tariff row is preserved.
basic_summer_regular,basic_charge_rate,summer,,regular,True,2024,223.6,NTD/kW-month,NTD,2024,1.021798881622595,0.9786661719692051,218.82975605231425,NTD-2023/kW-month,NTD,2023,value_constant_NTD2023 = nominal_value * CPI_2023 / CPI_usage_year,"Directorate-General of Budget, Accounting and Statistics (DGBAS), Taiwan","Consumer Price Index (CPI), annual average; 2021=100",cpispl.xls,b162edf6946f1e12d21090d56917f66edd59cb45a4cb197b9b4fe1a7305e511f,CPI,2026-08-26,簡要電價表_1130401始.pdf,production_school_tariff_parameter,mainline,Optimization-facing copy only; raw 13b nominal tariff row is preserved.
basic_summer_regular,basic_charge_rate,summer,,regular,True,2025,223.6,NTD/kW-month,NTD,2025,1.038764098189745,0.9626824817518249,215.25580291970803,NTD-2023/kW-month,NTD,2023,value_constant_NTD2023 = nominal_value * CPI_2023 / CPI_usage_year,"Directorate-General of Budget, Accounting and Statistics (DGBAS), Taiwan","Consumer Price Index (CPI), annual average; 2021=100",cpispl.xls,b162edf6946f1e12d21090d56917f66edd59cb45a4cb197b9b4fe1a7305e511f,CPI,2026-08-26,簡要電價表_1130401始.pdf,production_school_tariff_parameter,mainline,Optimization-facing copy only; raw 13b nominal tariff row is preserved.
basic_summer_half,basic_charge_rate,summer,,half,True,2024,166.9,NTD/kW-month,NTD,2024,1.021798881622595,0.9786661719692051,163.33938410166033,NTD-2023/kW-month,NTD,2023,value_constant_NTD2023 = nominal_value * CPI_2023 / CPI_usage_year,"Directorate-General of Budget, Accounting and Statistics (DGBAS), Taiwan","Consumer Price Index (CPI), annual average; 2021=100",cpispl.xls,b162edf6946f1e12d21090d56917f66edd59cb45a4cb197b9b4fe1a7305e511f,CPI,2026-08-26,簡要電價表_1130401始.pdf,production_school_tariff_parameter,mainline,Optimization-facing copy only; raw 13b nominal tariff row is preserved.
basic_summer_half,basic_charge_rate,summer,,half,True,2025,166.9,NTD/kW-month,NTD,2025,1.038764098189745,0.9626824817518249,160.67170620437957,NTD-2023/kW-month,NTD,2023,value_constant_NTD2023 = nominal_value * CPI_2023 / CPI_usage_year,"Directorate-General of Budget, Accounting and Statistics (DGBAS), Taiwan","Consumer Price Index (CPI), annual average; 2021=100",cpispl.xls,b162edf6946f1e12d21090d56917f66edd59cb45a4cb197b9b4fe1a7305e511f,CPI,2026-08-26,簡要電價表_1130401始.pdf,production_school_tariff_parameter,mainline,Optimization-facing copy only; raw 13b nominal tariff row is preserved.
basic_summer_sat_half,basic_charge_rate,summer,,sat_half,True,2024,44.7,NTD/kW-month,NTD,2024,1.021798881622595,0.9786661719692051,43.74637788702347,NTD-2023/kW-month,NTD,2023,value_constant_NTD2023 = nominal_value * CPI_2023 / CPI_usage_year,"Directorate-General of Budget, Accounting and Statistics (DGBAS), Taiwan","Consumer Price Index (CPI), annual average; 2021=100",cpispl.xls,b162edf6946f1e12d21090d56917f66edd59cb45a4cb197b9b4fe1a7305e511f,CPI,2026-08-26,簡要電價表_1130401始.pdf,production_school_tariff_parameter,mainline,Optimization-facing copy only; raw 13b nominal tariff row is preserved.
basic_summer_sat_half,basic_charge_rate,summer,,sat_half,True,2025,44.7,NTD/kW-month,NTD,2025,1.038764098189745,0.9626824817518249,43.031906934306576,NTD-2023/kW-month,NTD,2023,value_constant_NTD2023 = nominal_value * CPI_2023 / CPI_usage_year,"Directorate-General of Budget, Accounting and Statistics (DGBAS), Taiwan","Consumer Price Index (CPI), annual average; 2021=100",cpispl.xls,b162edf6946f1e12d21090d56917f66edd59cb45a4cb197b9b4fe1a7305e511f,CPI,2026-08-26,簡要電價表_1130401始.pdf,production_school_tariff_parameter,mainline,Optimization-facing copy only; raw 13b nominal tariff row is preserved.
basic_summer_off,basic_charge_rate,summer,,off,True,2024,44.7,NTD/kW-month,NTD,2024,1.021798881622595,0.9786661719692051,43.74637788702347,NTD-2023/kW-month,NTD,2023,value_constant_NTD2023 = nominal_value * CPI_2023 / CPI_usage_year,"Directorate-General of Budget, Accounting and Statistics (DGBAS), Taiwan","Consumer Price Index (CPI), annual average; 2021=100",cpispl.xls,b162edf6946f1e12d21090d56917f66edd59cb45a4cb197b9b4fe1a7305e511f,CPI,2026-08-26,簡要電價表_1130401始.pdf,production_school_tariff_parameter,mainline,Optimization-facing copy only; raw 13b nominal tariff row is preserved.
basic_summer_off,basic_charge_rate,summer,,off,True,2025,44.7,NTD/kW-month,NTD,2025,1.038764098189745,0.9626824817518249,43.031906934306576,NTD-2023/kW-month,NTD,2023,value_constant_NTD2023 = nominal_value * CPI_2023 / CPI_usage_year,"Directorate-General of Budget, Accounting and Statistics (DGBAS), Taiwan","Consumer Price Index (CPI), annual average; 2021=100",cpispl.xls,b162edf6946f1e12d21090d56917f66edd59cb45a4cb197b9b4fe1a7305e511f,CPI,2026-08-26,簡要電價表_1130401始.pdf,production_school_tariff_parameter,mainline,Optimization-facing copy only; raw 13b nominal tariff row is preserved.
basic_non_summer_regular,basic_charge_rate,non_summer,,regular,True,2024,166.9,NTD/kW-month,NTD,2024,1.021798881622595,0.9786661719692051,163.33938410166033,NTD-2023/kW-month,NTD,2023,value_constant_NTD2023 = nominal_value * CPI_2023 / CPI_usage_year,"Directorate-General of Budget, Accounting and Statistics (DGBAS), Taiwan","Consumer Price Index (CPI), annual average; 2021=100",cpispl.xls,b162edf6946f1e12d21090d56917f66edd59cb45a4cb197b9b4fe1a7305e511f,CPI,2026-08-26,簡要電價表_1130401始.pdf,production_school_tariff_parameter,mainline,Optimization-facing copy only; raw 13b nominal tariff row is preserved.
basic_non_summer_regular,basic_charge_rate,non_summer,,regular,True,2025,166.9,NTD/kW-month,NTD,2025,1.038764098189745,0.9626824817518249,160.67170620437957,NTD-2023/kW-month,NTD,2023,value_constant_NTD2023 = nominal_value * CPI_2023 / CPI_usage_year,"Directorate-General of Budget, Accounting and Statistics (DGBAS), Taiwan","Consumer Price Index (CPI), annual average; 2021=100",cpispl.xls,b162edf6946f1e12d21090d56917f66edd59cb45a4cb197b9b4fe1a7305e511f,CPI,2026-08-26,簡要電價表_1130401始.pdf,production_school_tariff_parameter,mainline,Optimization-facing copy only; raw 13b nominal tariff row is preserved.
basic_non_summer_half,basic_charge_rate,non_summer,,half,True,2024,166.9,NTD/kW-month,NTD,2024,1.021798881622595,0.9786661719692051,163.33938410166033,NTD-2023/kW-month,NTD,2023,value_constant_NTD2023 = nominal_value * CPI_2023 / CPI_usage_year,"Directorate-General of Budget, Accounting and Statistics (DGBAS), Taiwan","Consumer Price Index (CPI), annual average; 2021=100",cpispl.xls,b162edf6946f1e12d21090d56917f66edd59cb45a4cb197b9b4fe1a7305e511f,CPI,2026-08-26,簡要電價表_1130401始.pdf,production_school_tariff_parameter,mainline,Optimization-facing copy only; raw 13b nominal tariff row is preserved.
basic_non_summer_half,basic_charge_rate,non_summer,,half,True,2025,166.9,NTD/kW-month,NTD,2025,1.038764098189745,0.9626824817518249,160.67170620437957,NTD-2023/kW-month,NTD,2023,value_constant_NTD2023 = nominal_value * CPI_2023 / CPI_usage_year,"Directorate-General of Budget, Accounting and Statistics (DGBAS), Taiwan","Consumer Price Index (CPI), annual average; 2021=100",cpispl.xls,b162edf6946f1e12d21090d56917f66edd59cb45a4cb197b9b4fe1a7305e511f,CPI,2026-08-26,簡要電價表_1130401始.pdf,production_school_tariff_parameter,mainline,Optimization-facing copy only; raw 13b nominal tariff row is preserved.
basic_non_summer_sat_half,basic_charge_rate,non_summer,,sat_half,True,2024,33.3,NTD/kW-month,NTD,2024,1.021798881622595,0.9786661719692051,32.58958352657453,NTD-2023/kW-month,NTD,2023,value_constant_NTD2023 = nominal_value * CPI_2023 / CPI_usage_year,"Directorate-General of Budget, Accounting and Statistics (DGBAS), Taiwan","Consumer Price Index (CPI), annual average; 2021=100",cpispl.xls,b162edf6946f1e12d21090d56917f66edd59cb45a4cb197b9b4fe1a7305e511f,CPI,2026-08-26,簡要電價表_1130401始.pdf,production_school_tariff_parameter,mainline,Optimization-facing copy only; raw 13b nominal tariff row is preserved.
basic_non_summer_sat_half,basic_charge_rate,non_summer,,sat_half,True,2025,33.3,NTD/kW-month,NTD,2025,1.038764098189745,0.9626824817518249,32.05732664233577,NTD-2023/kW-month,NTD,2023,value_constant_NTD2023 = nominal_value * CPI_2023 / CPI_usage_year,"Directorate-General of Budget, Accounting and Statistics (DGBAS), Taiwan","Consumer Price Index (CPI), annual average; 2021=100",cpispl.xls,b162edf6946f1e12d21090d56917f66edd59cb45a4cb197b9b4fe1a7305e511f,CPI,2026-08-26,簡要電價表_1130401始.pdf,production_school_tariff_parameter,mainline,Optimization-facing copy only; raw 13b nominal tariff row is preserved.
basic_non_summer_off,basic_charge_rate,non_summer,,off,True,2024,33.3,NTD/kW-month,NTD,2024,1.021798881622595,0.9786661719692051,32.58958352657453,NTD-2023/kW-month,NTD,2023,value_constant_NTD2023 = nominal_value * CPI_2023 / CPI_usage_year,"Directorate-General of Budget, Accounting and Statistics (DGBAS), Taiwan","Consumer Price Index (CPI), annual average; 2021=100",cpispl.xls,b162edf6946f1e12d21090d56917f66edd59cb45a4cb197b9b4fe1a7305e511f,CPI,2026-08-26,簡要電價表_1130401始.pdf,production_school_tariff_parameter,mainline,Optimization-facing copy only; raw 13b nominal tariff row is preserved.
basic_non_summer_off,basic_charge_rate,non_summer,,off,True,2025,33.3,NTD/kW-month,NTD,2025,1.038764098189745,0.9626824817518249,32.05732664233577,NTD-2023/kW-month,NTD,2023,value_constant_NTD2023 = nominal_value * CPI_2023 / CPI_usage_year,"Directorate-General of Budget, Accounting and Statistics (DGBAS), Taiwan","Consumer Price Index (CPI), annual average; 2021=100",cpispl.xls,b162edf6946f1e12d21090d56917f66edd59cb45a4cb197b9b4fe1a7305e511f,CPI,2026-08-26,簡要電價表_1130401始.pdf,production_school_tariff_parameter,mainline,Optimization-facing copy only; raw 13b nominal tariff row is preserved.
