billing_usage_period_id,usage_year,billing_period_role,season,tou_period,contract_period,hour_count,active_in_hourly_case,first_timestamp,last_timestamp,basic_rate_parameter_id,basic_rate_constant_ntd2023_per_kw_month,basic_rate_unit,raw_tariff_source_file,raw_tariff_source_role,overcontract_rate_semantics,cross_season_positive_overcontract_aggregation
2024-11,2024,pure_non_summer,non_summer,half,half,315,True,2024-11-01T06:00:00,2024-11-29T23:00:00,basic_non_summer_half,163.33938410166033,NTD-2023/kW-month,簡要電價表_1130401始.pdf,production_school_tariff_parameter,Use the basic-charge rate applicable to this season and contract-period demand class.,NOT_APPLICABLE_PURE_SEASON
2024-11,2024,pure_non_summer,non_summer,sat_half,sat_half,75,True,2024-11-02T06:00:00,2024-11-30T23:00:00,basic_non_summer_sat_half,32.58958352657453,NTD-2023/kW-month,簡要電價表_1130401始.pdf,production_school_tariff_parameter,Use the basic-charge rate applicable to this season and contract-period demand class.,NOT_APPLICABLE_PURE_SEASON
2024-11,2024,pure_non_summer,non_summer,off,off,330,True,2024-11-01T00:00:00,2024-11-30T13:00:00,basic_non_summer_off,32.58958352657453,NTD-2023/kW-month,簡要電價表_1130401始.pdf,production_school_tariff_parameter,Use the basic-charge rate applicable to this season and contract-period demand class.,NOT_APPLICABLE_PURE_SEASON
2024-12,2024,pure_non_summer,non_summer,half,half,330,True,2024-12-02T06:00:00,2024-12-31T23:00:00,basic_non_summer_half,163.33938410166033,NTD-2023/kW-month,簡要電價表_1130401始.pdf,production_school_tariff_parameter,Use the basic-charge rate applicable to this season and contract-period demand class.,NOT_APPLICABLE_PURE_SEASON
2024-12,2024,pure_non_summer,non_summer,sat_half,sat_half,60,True,2024-12-07T06:00:00,2024-12-28T23:00:00,basic_non_summer_sat_half,32.58958352657453,NTD-2023/kW-month,簡要電價表_1130401始.pdf,production_school_tariff_parameter,Use the basic-charge rate applicable to this season and contract-period demand class.,NOT_APPLICABLE_PURE_SEASON
2024-12,2024,pure_non_summer,non_summer,off,off,354,True,2024-12-01T00:00:00,2024-12-31T13:00:00,basic_non_summer_off,32.58958352657453,NTD-2023/kW-month,簡要電價表_1130401始.pdf,production_school_tariff_parameter,Use the basic-charge rate applicable to this season and contract-period demand class.,NOT_APPLICABLE_PURE_SEASON
2025-01,2025,pure_non_summer,non_summer,half,half,270,True,2025-01-02T06:00:00,2025-01-27T23:00:00,basic_non_summer_half,160.67170620437955,NTD-2023/kW-month,簡要電價表_1130401始.pdf,production_school_tariff_parameter,Use the basic-charge rate applicable to this season and contract-period demand class.,NOT_APPLICABLE_PURE_SEASON
2025-01,2025,pure_non_summer,non_summer,sat_half,sat_half,60,True,2025-01-04T06:00:00,2025-01-25T23:00:00,basic_non_summer_sat_half,32.05732664233577,NTD-2023/kW-month,簡要電價表_1130401始.pdf,production_school_tariff_parameter,Use the basic-charge rate applicable to this season and contract-period demand class.,NOT_APPLICABLE_PURE_SEASON
2025-01,2025,pure_non_summer,non_summer,off,off,414,True,2025-01-01T00:00:00,2025-01-31T23:00:00,basic_non_summer_off,32.05732664233577,NTD-2023/kW-month,簡要電價表_1130401始.pdf,production_school_tariff_parameter,Use the basic-charge rate applicable to this season and contract-period demand class.,NOT_APPLICABLE_PURE_SEASON
2025-02,2025,pure_non_summer,non_summer,half,half,285,True,2025-02-03T06:00:00,2025-02-27T23:00:00,basic_non_summer_half,160.67170620437955,NTD-2023/kW-month,簡要電價表_1130401始.pdf,production_school_tariff_parameter,Use the basic-charge rate applicable to this season and contract-period demand class.,NOT_APPLICABLE_PURE_SEASON
2025-02,2025,pure_non_summer,non_summer,sat_half,sat_half,45,True,2025-02-08T06:00:00,2025-02-22T23:00:00,basic_non_summer_sat_half,32.05732664233577,NTD-2023/kW-month,簡要電價表_1130401始.pdf,production_school_tariff_parameter,Use the basic-charge rate applicable to this season and contract-period demand class.,NOT_APPLICABLE_PURE_SEASON
2025-02,2025,pure_non_summer,non_summer,off,off,342,True,2025-02-01T00:00:00,2025-02-28T23:00:00,basic_non_summer_off,32.05732664233577,NTD-2023/kW-month,簡要電價表_1130401始.pdf,production_school_tariff_parameter,Use the basic-charge rate applicable to this season and contract-period demand class.,NOT_APPLICABLE_PURE_SEASON
2025-03,2025,pure_non_summer,non_summer,half,half,315,True,2025-03-03T06:00:00,2025-03-31T23:00:00,basic_non_summer_half,160.67170620437955,NTD-2023/kW-month,簡要電價表_1130401始.pdf,production_school_tariff_parameter,Use the basic-charge rate applicable to this season and contract-period demand class.,NOT_APPLICABLE_PURE_SEASON
2025-03,2025,pure_non_summer,non_summer,sat_half,sat_half,75,True,2025-03-01T06:00:00,2025-03-29T23:00:00,basic_non_summer_sat_half,32.05732664233577,NTD-2023/kW-month,簡要電價表_1130401始.pdf,production_school_tariff_parameter,Use the basic-charge rate applicable to this season and contract-period demand class.,NOT_APPLICABLE_PURE_SEASON
2025-03,2025,pure_non_summer,non_summer,off,off,354,True,2025-03-01T00:00:00,2025-03-31T13:00:00,basic_non_summer_off,32.05732664233577,NTD-2023/kW-month,簡要電價表_1130401始.pdf,production_school_tariff_parameter,Use the basic-charge rate applicable to this season and contract-period demand class.,NOT_APPLICABLE_PURE_SEASON
2025-04,2025,pure_non_summer,non_summer,half,half,315,True,2025-04-01T06:00:00,2025-04-30T23:00:00,basic_non_summer_half,160.67170620437955,NTD-2023/kW-month,簡要電價表_1130401始.pdf,production_school_tariff_parameter,Use the basic-charge rate applicable to this season and contract-period demand class.,NOT_APPLICABLE_PURE_SEASON
2025-04,2025,pure_non_summer,non_summer,sat_half,sat_half,60,True,2025-04-05T06:00:00,2025-04-26T23:00:00,basic_non_summer_sat_half,32.05732664233577,NTD-2023/kW-month,簡要電價表_1130401始.pdf,production_school_tariff_parameter,Use the basic-charge rate applicable to this season and contract-period demand class.,NOT_APPLICABLE_PURE_SEASON
2025-04,2025,pure_non_summer,non_summer,off,off,345,True,2025-04-01T00:00:00,2025-04-30T13:00:00,basic_non_summer_off,32.05732664233577,NTD-2023/kW-month,簡要電價表_1130401始.pdf,production_school_tariff_parameter,Use the basic-charge rate applicable to this season and contract-period demand class.,NOT_APPLICABLE_PURE_SEASON
2025-05,2025,transition,non_summer,half,half,150,True,2025-05-02T06:00:00,2025-05-15T23:00:00,basic_non_summer_half,160.67170620437955,NTD-2023/kW-month,簡要電價表_1130401始.pdf,production_school_tariff_parameter,Use the basic-charge rate applicable to this season and contract-period demand class.,DEFERRED_NOT_SILENTLY_ASSUMED
2025-05,2025,transition,non_summer,sat_half,sat_half,30,True,2025-05-03T06:00:00,2025-05-10T23:00:00,basic_non_summer_sat_half,32.05732664233577,NTD-2023/kW-month,簡要電價表_1130401始.pdf,production_school_tariff_parameter,Use the basic-charge rate applicable to this season and contract-period demand class.,DEFERRED_NOT_SILENTLY_ASSUMED
2025-05,2025,transition,non_summer,off,off,180,True,2025-05-01T00:00:00,2025-05-15T13:00:00,basic_non_summer_off,32.05732664233577,NTD-2023/kW-month,簡要電價表_1130401始.pdf,production_school_tariff_parameter,Use the basic-charge rate applicable to this season and contract-period demand class.,DEFERRED_NOT_SILENTLY_ASSUMED
2025-05,2025,transition,summer,peak,regular,66,True,2025-05-16T16:00:00,2025-05-30T21:00:00,basic_summer_regular,215.25580291970803,NTD-2023/kW-month,簡要電價表_1130401始.pdf,production_school_tariff_parameter,Use the basic-charge rate applicable to this season and contract-period demand class.,DEFERRED_NOT_SILENTLY_ASSUMED
2025-05,2025,transition,summer,half,half,99,True,2025-05-16T09:00:00,2025-05-30T23:00:00,basic_summer_half,160.67170620437955,NTD-2023/kW-month,簡要電價表_1130401始.pdf,production_school_tariff_parameter,Use the basic-charge rate applicable to this season and contract-period demand class.,DEFERRED_NOT_SILENTLY_ASSUMED
2025-05,2025,transition,summer,sat_half,sat_half,30,True,2025-05-17T09:00:00,2025-05-24T23:00:00,basic_summer_sat_half,43.031906934306576,NTD-2023/kW-month,簡要電價表_1130401始.pdf,production_school_tariff_parameter,Use the basic-charge rate applicable to this season and contract-period demand class.,DEFERRED_NOT_SILENTLY_ASSUMED
2025-05,2025,transition,summer,off,off,189,True,2025-05-16T00:00:00,2025-05-31T23:00:00,basic_summer_off,43.031906934306576,NTD-2023/kW-month,簡要電價表_1130401始.pdf,production_school_tariff_parameter,Use the basic-charge rate applicable to this season and contract-period demand class.,DEFERRED_NOT_SILENTLY_ASSUMED
2025-06,2025,pure_summer,summer,peak,regular,126,True,2025-06-02T16:00:00,2025-06-30T21:00:00,basic_summer_regular,215.25580291970803,NTD-2023/kW-month,簡要電價表_1130401始.pdf,production_school_tariff_parameter,Use the basic-charge rate applicable to this season and contract-period demand class.,NOT_APPLICABLE_PURE_SEASON
2025-06,2025,pure_summer,summer,half,half,189,True,2025-06-02T09:00:00,2025-06-30T23:00:00,basic_summer_half,160.67170620437955,NTD-2023/kW-month,簡要電價表_1130401始.pdf,production_school_tariff_parameter,Use the basic-charge rate applicable to this season and contract-period demand class.,NOT_APPLICABLE_PURE_SEASON
2025-06,2025,pure_summer,summer,sat_half,sat_half,60,True,2025-06-07T09:00:00,2025-06-28T23:00:00,basic_summer_sat_half,43.031906934306576,NTD-2023/kW-month,簡要電價表_1130401始.pdf,production_school_tariff_parameter,Use the basic-charge rate applicable to this season and contract-period demand class.,NOT_APPLICABLE_PURE_SEASON
2025-06,2025,pure_summer,summer,off,off,345,True,2025-06-01T00:00:00,2025-06-30T08:00:00,basic_summer_off,43.031906934306576,NTD-2023/kW-month,簡要電價表_1130401始.pdf,production_school_tariff_parameter,Use the basic-charge rate applicable to this season and contract-period demand class.,NOT_APPLICABLE_PURE_SEASON
2025-07,2025,pure_summer,summer,peak,regular,138,True,2025-07-01T16:00:00,2025-07-31T21:00:00,basic_summer_regular,215.25580291970803,NTD-2023/kW-month,簡要電價表_1130401始.pdf,production_school_tariff_parameter,Use the basic-charge rate applicable to this season and contract-period demand class.,NOT_APPLICABLE_PURE_SEASON
2025-07,2025,pure_summer,summer,half,half,207,True,2025-07-01T09:00:00,2025-07-31T23:00:00,basic_summer_half,160.67170620437955,NTD-2023/kW-month,簡要電價表_1130401始.pdf,production_school_tariff_parameter,Use the basic-charge rate applicable to this season and contract-period demand class.,NOT_APPLICABLE_PURE_SEASON
2025-07,2025,pure_summer,summer,sat_half,sat_half,60,True,2025-07-05T09:00:00,2025-07-26T23:00:00,basic_summer_sat_half,43.031906934306576,NTD-2023/kW-month,簡要電價表_1130401始.pdf,production_school_tariff_parameter,Use the basic-charge rate applicable to this season and contract-period demand class.,NOT_APPLICABLE_PURE_SEASON
2025-07,2025,pure_summer,summer,off,off,339,True,2025-07-01T00:00:00,2025-07-31T08:00:00,basic_summer_off,43.031906934306576,NTD-2023/kW-month,簡要電價表_1130401始.pdf,production_school_tariff_parameter,Use the basic-charge rate applicable to this season and contract-period demand class.,NOT_APPLICABLE_PURE_SEASON
2025-08,2025,pure_summer,summer,peak,regular,126,True,2025-08-01T16:00:00,2025-08-29T21:00:00,basic_summer_regular,215.25580291970803,NTD-2023/kW-month,簡要電價表_1130401始.pdf,production_school_tariff_parameter,Use the basic-charge rate applicable to this season and contract-period demand class.,NOT_APPLICABLE_PURE_SEASON
2025-08,2025,pure_summer,summer,half,half,189,True,2025-08-01T09:00:00,2025-08-29T23:00:00,basic_summer_half,160.67170620437955,NTD-2023/kW-month,簡要電價表_1130401始.pdf,production_school_tariff_parameter,Use the basic-charge rate applicable to this season and contract-period demand class.,NOT_APPLICABLE_PURE_SEASON
2025-08,2025,pure_summer,summer,sat_half,sat_half,75,True,2025-08-02T09:00:00,2025-08-30T23:00:00,basic_summer_sat_half,43.031906934306576,NTD-2023/kW-month,簡要電價表_1130401始.pdf,production_school_tariff_parameter,Use the basic-charge rate applicable to this season and contract-period demand class.,NOT_APPLICABLE_PURE_SEASON
2025-08,2025,pure_summer,summer,off,off,354,True,2025-08-01T00:00:00,2025-08-31T23:00:00,basic_summer_off,43.031906934306576,NTD-2023/kW-month,簡要電價表_1130401始.pdf,production_school_tariff_parameter,Use the basic-charge rate applicable to this season and contract-period demand class.,NOT_APPLICABLE_PURE_SEASON
2025-09,2025,pure_summer,summer,peak,regular,132,True,2025-09-01T16:00:00,2025-09-30T21:00:00,basic_summer_regular,215.25580291970803,NTD-2023/kW-month,簡要電價表_1130401始.pdf,production_school_tariff_parameter,Use the basic-charge rate applicable to this season and contract-period demand class.,NOT_APPLICABLE_PURE_SEASON
2025-09,2025,pure_summer,summer,half,half,198,True,2025-09-01T09:00:00,2025-09-30T23:00:00,basic_summer_half,160.67170620437955,NTD-2023/kW-month,簡要電價表_1130401始.pdf,production_school_tariff_parameter,Use the basic-charge rate applicable to this season and contract-period demand class.,NOT_APPLICABLE_PURE_SEASON
2025-09,2025,pure_summer,summer,sat_half,sat_half,60,True,2025-09-06T09:00:00,2025-09-27T23:00:00,basic_summer_sat_half,43.031906934306576,NTD-2023/kW-month,簡要電價表_1130401始.pdf,production_school_tariff_parameter,Use the basic-charge rate applicable to this season and contract-period demand class.,NOT_APPLICABLE_PURE_SEASON
2025-09,2025,pure_summer,summer,off,off,330,True,2025-09-01T00:00:00,2025-09-30T08:00:00,basic_summer_off,43.031906934306576,NTD-2023/kW-month,簡要電價表_1130401始.pdf,production_school_tariff_parameter,Use the basic-charge rate applicable to this season and contract-period demand class.,NOT_APPLICABLE_PURE_SEASON
2025-10,2025,transition,non_summer,half,half,180,True,2025-10-16T06:00:00,2025-10-31T23:00:00,basic_non_summer_half,160.67170620437955,NTD-2023/kW-month,簡要電價表_1130401始.pdf,production_school_tariff_parameter,Use the basic-charge rate applicable to this season and contract-period demand class.,DEFERRED_NOT_SILENTLY_ASSUMED
2025-10,2025,transition,non_summer,sat_half,sat_half,15,True,2025-10-18T06:00:00,2025-10-18T23:00:00,basic_non_summer_sat_half,32.05732664233577,NTD-2023/kW-month,簡要電價表_1130401始.pdf,production_school_tariff_parameter,Use the basic-charge rate applicable to this season and contract-period demand class.,DEFERRED_NOT_SILENTLY_ASSUMED
2025-10,2025,transition,non_summer,off,off,189,True,2025-10-16T00:00:00,2025-10-31T13:00:00,basic_non_summer_off,32.05732664233577,NTD-2023/kW-month,簡要電價表_1130401始.pdf,production_school_tariff_parameter,Use the basic-charge rate applicable to this season and contract-period demand class.,DEFERRED_NOT_SILENTLY_ASSUMED
2025-10,2025,transition,summer,peak,regular,54,True,2025-10-01T16:00:00,2025-10-15T21:00:00,basic_summer_regular,215.25580291970803,NTD-2023/kW-month,簡要電價表_1130401始.pdf,production_school_tariff_parameter,Use the basic-charge rate applicable to this season and contract-period demand class.,DEFERRED_NOT_SILENTLY_ASSUMED
2025-10,2025,transition,summer,half,half,81,True,2025-10-01T09:00:00,2025-10-15T23:00:00,basic_summer_half,160.67170620437955,NTD-2023/kW-month,簡要電價表_1130401始.pdf,production_school_tariff_parameter,Use the basic-charge rate applicable to this season and contract-period demand class.,DEFERRED_NOT_SILENTLY_ASSUMED
2025-10,2025,transition,summer,sat_half,sat_half,30,True,2025-10-04T09:00:00,2025-10-11T23:00:00,basic_summer_sat_half,43.031906934306576,NTD-2023/kW-month,簡要電價表_1130401始.pdf,production_school_tariff_parameter,Use the basic-charge rate applicable to this season and contract-period demand class.,DEFERRED_NOT_SILENTLY_ASSUMED
2025-10,2025,transition,summer,off,off,195,True,2025-10-01T00:00:00,2025-10-15T08:00:00,basic_summer_off,43.031906934306576,NTD-2023/kW-month,簡要電價表_1130401始.pdf,production_school_tariff_parameter,Use the basic-charge rate applicable to this season and contract-period demand class.,DEFERRED_NOT_SILENTLY_ASSUMED
